title,country,state,city,address,bedrooms,bathrooms,price,square_feet,status,description
"Modern Loft in Downtown Oasis","United States","California","Los Angeles","123 Main Street",2,2,"$600,000",1200,buy,"Nestled in the heart of bustling Downtown LA, this modern loft offers urban living at its finest. With 2 spacious bedrooms, 2 sleek bathrooms, and ample natural light, this loft provides the perfect blend of style and comfort. Enjoy panoramic city views from the rooftop terrace, or unwind in the spacious living area. Steps away from trendy cafes, boutiques, and cultural hotspots, this oasis in the city is an ideal retreat for those seeking the vibrant energy of downtown living."
"Luxurious Oceanfront Villa","United States","Florida","Miami","789 Ocean Drive",5,6,"$2,500,000",5000,buy,"Experience the epitome of luxury living in this stunning oceanfront villa in Miami. With 5 lavish bedrooms, 6 opulent bathrooms, and panoramic views of the Atlantic Ocean, this exquisite property offers unparalleled elegance and sophistication. Entertain guests in the sprawling living areas, relax in the private infinity pool overlooking the ocean, or unwind in the state-of-the-art home theater. With its prime location, luxurious amenities, and impeccable design, this villa redefines coastal living at its finest."
"Mountain Retreat in Aspen","United States","Colorado","Aspen","555 Ski Chalet Road",4,3,"$12,000/month",3000,rent,"Escape to the pristine beauty of the Rocky Mountains with this mountain retreat located in Aspen. Featuring 4 bedrooms, 3 bathrooms, and breathtaking views of the surrounding peaks, this spacious home offers the perfect blend of luxury and adventure. Cozy up by the fireplace in the inviting living room, soak in the outdoor hot tub under the stars, or hit the slopes at one of the nearby world-class ski resorts. With its rustic charm and upscale amenities, this mountain retreat is an ideal getaway for those seeking a taste of mountain living in one of Colorado's most coveted destinations."
"Rustic Mountain Hideaway","Canada","British Columbia","Whistler","101 Mountain View Road",4,3,"$800,000",2500,buy,"Embrace the tranquility of mountain living in this charming rustic retreat in Whistler. Surrounded by towering pines and majestic peaks, this 4-bedroom, 3-bathroom home offers a peaceful escape from the hustle and bustle of city life. Cozy up by the stone fireplace in the spacious living room, soak in the breathtaking views from the outdoor hot tub, or explore the nearby trails and ski slopes. With its warm ambiance and natural beauty, this mountain hideaway is the perfect place to unwind and reconnect with nature."
"Contemporary Urban Townhouse","United States","Texas","Austin","200 Main Street",3,3,"$700,000",2000,buy,"Live in style in this sleek contemporary townhouse located in the heart of vibrant Austin. Featuring 3 bedrooms, 3 bathrooms, and modern finishes throughout, this urban oasis offers the perfect blend of luxury and convenience. Entertain friends in the open-concept living area, whip up gourmet meals in the chef's kitchen, or relax on the private rooftop terrace with stunning city views. With its prime location and sophisticated design, this townhouse epitomizes upscale urban living at its finest."
"Beachfront Retreat in Maui","United States","Hawaii","Maui","789 Oceanfront Drive",3,2,"$6,500/month",1800,rent,"Live the island dream with this beachfront retreat located on the beautiful shores of Maui. With 3 bedrooms, 2 bathrooms, and stunning ocean views, this tropical oasis offers the perfect blend of luxury and relaxation. Spend your days lounging on the pristine sandy beach, snorkeling in the crystal-clear waters, or sipping cocktails on the spacious lanai overlooking the Pacific Ocean. With its upscale amenities and prime waterfront location, this retreat is an ideal escape for those seeking the ultimate Hawaiian getaway."
"Historic Brownstone in Brooklyn Heights","United States","New York","Brooklyn","321 Elm Street",4,3,"$1,200,000",2800,buy,"Step back in time with this impeccably preserved historic brownstone in the iconic neighborhood of Brooklyn Heights. Boasting 4 bedrooms, 3 bathrooms, and original architectural details, this elegant home offers a rare opportunity to own a piece of New York City history. Relax in the beautifully landscaped garden oasis, host gatherings in the formal dining room with ornate moldings, or retreat to the private master suite with skyline views. With its timeless charm and prime location, this brownstone is a true gem in the heart of Brooklyn."
"Sunny Beachfront Bungalow","Australia","Queensland","Gold Coast","555 Beach Avenue",2,2,"$900,000",1500,buy,"Enjoy the ultimate beach lifestyle in this sunny beachfront bungalow on the Gold Coast. With 2 bedrooms, 2 bathrooms, and stunning ocean views, this charming retreat offers the perfect blend of luxury and relaxation. Spend your days soaking up the sun on the pristine sandy beach, sipping cocktails on the expansive deck, or exploring the vibrant local scene. With its coastal chic decor and prime waterfront location, this bungalow is a slice of paradise in one of Australia's most coveted destinations."
"Ski Chalet in Chamonix","France","Auvergne-Rh√¥ne-Alpes","Chamonix","555 Alpine Avenue",5,4,"$8,000/month",3000,rent,"Enjoy world-class skiing with this luxurious chalet located in the renowned resort town of Chamonix. With 5 bedrooms, 4 bathrooms, and breathtaking views of the Mont Blanc massif, this alpine retreat offers the perfect blend of comfort and adventure. Hit the slopes at one of the nearby ski resorts, relax in the outdoor hot tub with panoramic mountain views, or cozy up by the fireplace in the inviting living room. With its upscale amenities and prime location, this chalet is an ideal choice for those seeking a memorable ski vacation in the French Alps."
"Seaside Villa in Santorini","Greece","Cyclades","Santorini","888 Seafront Avenue",3,2,"$1,500,000",2200,buy,"Escape to the idyllic beauty of Santorini with this charming seaside villa. Featuring 3 bedrooms, 2 bathrooms, and breathtaking views of the Aegean Sea, this tranquil retreat offers the perfect blend of luxury and serenity. Lounge by the infinity pool overlooking the crystal-clear waters, dine al fresco on the spacious terrace, or explore the picturesque villages and pristine beaches of this iconic Greek island. With its whitewashed architecture and stunning vistas, this villa is a true slice of paradise in the heart of the Cyclades."
"Elegant Townhouse in London","United Kingdom","England","London","999 Kensington Gardens",5,4,"$4,000,000",3500,buy,"Immerse yourself in the sophistication of London living with this elegant townhouse in Kensington. Boasting 5 bedrooms, 4 bathrooms, and refined finishes throughout, this exquisite property offers timeless charm and modern comfort. Entertain guests in the grand reception rooms, unwind in the peaceful garden oasis, or enjoy panoramic views of the city from the rooftop terrace. With its prestigious address and luxurious amenities, this townhouse epitomizes the quintessential London lifestyle."
"Modern Apartment in Manhattan","United States","New York","New York City","123 Broadway",1,1,"$3,500/month",800,rent,"Experience urban living at its finest in this sleek and stylish apartment located in the heart of Manhattan. Featuring 1 bedroom, 1 bathroom, and contemporary finishes throughout, this modern residence offers the perfect blend of luxury and convenience. Enjoy stunning city views from the floor-to-ceiling windows, take advantage of the building's amenities including a fitness center and rooftop lounge, or explore the vibrant neighborhood with its world-class dining, shopping, and entertainment options. With its prime location and upscale amenities, this apartment is ideal for those seeking the ultimate New York City lifestyle."
"Coastal Condo in Miami Beach","United States","Florida","Miami Beach","456 Ocean Drive",2,2,"$5,000/month",1200,rent,"Live the beachfront lifestyle in this luxurious condo located in Miami Beach. With 2 bedrooms, 2 bathrooms, and panoramic views of the Atlantic Ocean, this coastal retreat offers the perfect blend of elegance and relaxation. Relax by the pool overlooking the ocean, stroll along the boardwalk to vibrant cafes and boutiques, or soak up the sun on the pristine sandy beach right outside your door. With its upscale amenities and prime waterfront location, this condo is an ideal escape for those seeking the ultimate Miami Beach experience."
"Charming Cottage in the Cotswolds","United Kingdom","England","Cotswolds","789 Rose Lane",3,2,"$2,000/month",1500,rent,"Escape to the picturesque beauty of the Cotswolds with this charming cottage nestled in the English countryside. Featuring 3 bedrooms, 2 bathrooms, and rustic charm throughout, this cozy retreat offers the perfect blend of comfort and tranquility. Curl up by the fireplace in the spacious living room, dine al fresco in the beautifully landscaped garden, or explore the quaint villages and scenic trails of this iconic region. With its idyllic setting and timeless appeal, this cottage is an ideal retreat for those seeking a peaceful escape from the hustle and bustle of city life."
"Sunny Penthouse in Sydney","Australia","New South Wales","Sydney","101 Harbour Drive",3,2,"$7,000/month",2000,rent,"Enjoy breathtaking views of the Sydney skyline from this stunning penthouse located in the heart of the city. With 3 bedrooms, 2 bathrooms, and floor-to-ceiling windows throughout, this sun-filled residence offers the perfect blend of luxury and convenience. Entertain guests in the spacious open-plan living area, cook gourmet meals in the chef's kitchen, or relax on the expansive terrace overlooking the harbor. With its prime location and upscale amenities including a rooftop pool and fitness center, this penthouse is an ideal choice for those seeking the ultimate Sydney lifestyle."
"Lakeside Cozy Cottage Retreat","United States","New York","Lake Placid","456 Lakeview Drive",3,2,"$450,000",1800,buy,"Escape to this charming lakeside cottage nestled in the serene beauty of Lake Placid. Boasting 3 bedrooms, 2 bathrooms, and breathtaking lake views, this cozy retreat offers the perfect blend of tranquility and comfort. Spend your days kayaking on the pristine waters, hiking scenic trails, or simply relaxing on the spacious deck overlooking the lake. With its rustic charm and modern amenities, this cottage is an idyllic haven for nature lovers and outdoor enthusiasts alike."
"Secluded Cabin in the Smoky Mountains","United States","Tennessee","Gatlinburg","123 Mountain Trail",2,2,"$2,500/month",1200,rent,"Escape to nature with this cozy cabin nestled in the serene beauty of the Smoky Mountains. Featuring 2 bedrooms, 2 bathrooms, and surrounded by lush forest, this secluded retreat offers the perfect blend of tranquility and comfort. Relax on the spacious deck and listen to the sounds of the forest, unwind in the private hot tub under the stars, or explore the nearby hiking trails and scenic overlooks. With its rustic charm and natural surroundings, this cabin is an ideal getaway for those seeking peace and relaxation in the great outdoors."
"Mountain View Chalet in Swiss Alps","Switzerland","Valais","Zermatt","777 Alpine Way",6,4,"$3,000,000",4000,buy,"Experience alpine luxury in this exquisite mountain view chalet nestled in the Swiss Alps. With 6 bedrooms, 4 bathrooms, and panoramic views of the Matterhorn, this stunning property offers the perfect blend of elegance and adventure. Cozy up by the fireplace in the spacious living area, indulge in gourmet cuisine in the chef's kitchen, or unwind in the private sauna after a day on the mountain."
"Luxury Condo in Downtown Toronto","Canada","Ontario","Toronto","456 Bay Street",2,2,"$3,800/month",1100,rent,"Experience urban living at its finest with this luxurious condo in the heart of downtown Toronto. Boasting 2 bedrooms, 2 bathrooms, and panoramic city views, this modern residence offers the perfect blend of style and convenience. Enjoy access to upscale amenities including a fitness center, indoor pool, and rooftop terrace, or explore the vibrant neighborhood with its world-class dining, shopping, and entertainment options. With its prime location and elegant finishes, this condo is an ideal choice for those seeking the ultimate Toronto lifestyle."
"Historic Townhouse in Edinburgh","United Kingdom","Scotland","Edinburgh","101 Royal Mile",4,3,"$4,200/month",2500,rent,"Immerse yourself in the rich history of Edinburgh with this historic townhouse located on the iconic Royal Mile. Featuring 4 bedrooms, 3 bathrooms, and original period details, this elegant residence offers the perfect blend of old-world charm and modern comfort. Explore the city's famous landmarks and cultural attractions right outside your doorstep, or relax in the tranquil garden courtyard after a day of sightseeing. With its prime location and timeless appeal, this townhouse is an ideal choice for those seeking a unique Edinburgh experience."
